area,name,lat,long,status,note
鎌倉市,1-1,35.3218603,139.5800409,0,十二所114番地:森宅ブロック塀
鎌倉市,1-2,35.3198913,139.5799112,0,十二所98番地1:金田宅塀
鎌倉市,1-3,35.3164438,139.5765431,0,浄明寺六丁目2番:浄明寺六丁目7番9号脇緑地
鎌倉市,1-4,35.3163116,139.5780032,0,十二所967番地:十二所公園フェンス
鎌倉市,1-5,35.3136922,139.568264,0,浄明寺六丁目18番:（仮称）浄明寺緑地前［浄明寺六丁目16番付近］
鎌倉市,1-6,35.3164438,139.5765431,0,浄明寺六丁目2番:（仮称）浄明寺緑地前［ハイランド坂下バス停前緑地］
鎌倉市,1-7,35.31944,139.5771361,0,十二所943番地1:ニツ橋児童遊園フェンス
鎌倉市,2-1,35.3254193,139.5689307,2,二階堂792番地4:資材置場塀
鎌倉市,2-2,35.3236629,139.5655039,2,二階堂878番地:第二小学校フェンス
鎌倉市,2-3,35.3236629,139.5655039,2,二階堂878番地:第二小学校体育館前植込み
鎌倉市,2-4,35.3254728,139.5668441,2,二階堂115番地:岩崎宅フェンス
鎌倉市,2-5,35.3297193,139.5712889,2,二階堂321番地1:大塔宮パス停付近横断防止柵
鎌倉市,2-6,35.3180229,139.5693784,2,浄明寺二丁目572-3地内:犬懸橋南滑川転落防止柵
鎌倉市,2-7,35.3305939,139.5676073,2,二階堂257番地5:二階堂2号緑地
鎌倉市,3-1,35.3276198,139.5599861,1,西御門一丁目8番:国大附属中西御門運動場前植込み
鎌倉市,3-2,35.3248514,139.561502,2,雪ノ下三丁目11番45号:清泉小学校北側倉庫前フェンス
鎌倉市,3-3,35.3243984,139.5581486,4,雪ノ下三丁目5番10号:平野宅前国大附属小学校生垣
鎌倉市,3-4,35.3243984,139.5581486,5,雪ノ下三丁目5番10号:国大附属小学校フェンス
鎌倉市,3-5,35.3243984,139.5581486,6,雪ノ下三丁目5番10号:国大附属小学校石垣
鎌倉市,3-6,35.3242756,139.5524631,0,雪ノ下二丁目2番12号:川喜多映画記念館
鎌倉市,3-7,35.3236486,139.5612396,1,雪ノ下三丁目10番3号:清泉小学校ラファエラ広場フェンス
鎌倉市,4-1,35.3206231,139.5536104,2,小町二丁目14番4号:カトリック雪ノ下教会フェンス
鎌倉市,4-2,35.3192137,139.5525028,4,小町一丁目8番4号:小町サイクルパークフェンス
鎌倉市,4-3,35.3222063,139.5509931,5,小町二丁目4番:JR柵
鎌倉市,4-4,35.3181385,139.5519458,6,小町一丁目10番3号:鎌倉郵便局南側フェンス
鎌倉市,4-5,35.3191524,139.5541159,0,小町二丁目23番12号:細川宅塀
鎌倉市,4-6,35.3174426,139.5531056,1,小町一丁目12番7号:本覚寺塀
鎌倉市,4-7,35.3173902,139.5517093,2,小町一丁目13番:本覚寺駐車場前転落防止柵
鎌倉市,5-1,35.3169931,139.55537,1,大町一丁目1091:比企谷幼稚園手前水路脇
鎌倉市,5-2,35.314483,139.5523459,2,大町二丁目2番:JRフェンス
鎌倉市,5-3,35.3101123,139.5613004,4,大町五丁目14番6号:大町ふれあい広場フェンス
鎌倉市,5-4,35.3141785,139.5552939,5,大町三丁目1番22号:安養院石垣
鎌倉市,5-5,35.3138478,139.5593493,6,大町四丁目8番:逆川転落防止柵
鎌倉市,5-6,35.3148577,139.5619957,0,大町三丁目19番:花咲橋転落防止柵
鎌倉市,5-7,35.3079732,139.5613636,1,大町五丁目11番16号:名越クリーンセンターフェンス
鎌倉市,6-1,35.3076428,139.5523658,2,材木座三丁目17番18号:田島宅塀
鎌倉市,6-2,35.3071189,139.5520202,4,材木座五丁目13番14号:九品寺塀
鎌倉市,6-3,35.3066232,139.5542558,5,材木座四丁目7番:材木座たぶのき公園
鎌倉市,6-4,35.3045741,139.5533063,6,材木座六丁目13番29号:小杉宅塀
鎌倉市,6-5,35.3035076,139.5547333,0,材木座六丁目886番5:県営材木座駐車場
鎌倉市,6-6,35.3026358,139.5527438,1,材木座六丁目15番:鎌倉ウインドサーフスクール植込み
鎌倉市,6-7,35.3059379,139.5537585,2,材木座六丁目7番7号:伊藤工務店ブロック塀
鎌倉市,7-1,35.3135427,139.5512815,1,材木座一丁目4番8号:カネ石駐車場北側フェンス
鎌倉市,7-2,35.3108768,139.5504767,2,材木座三丁目3番7号:鎌倉いずみ幼稚園フェンス
鎌倉市,7-3,35.3070855,139.5521867,4,材木座ー丁目1番:JRフェンス
鎌倉市,7-4,35.3106391,139.5484951,5,材木座三丁目5番35号:材木座ポンプ場フェンス
鎌倉市,7-5,35.3094142,139.5524082,6,材木座三丁目15番13号:向福寺
鎌倉市,7-6,35.3090369,139.550076,0,材木座三丁目9番23号:齋藤宅塀
鎌倉市,7-7,35.310101,139.5476747,1,材木座五丁目1番7号:第二相羽荘塀
鎌倉市,8-1,35.3247227,139.5501674,2,扇ガ谷一丁目16番5号:英勝寺前JRフェンス
鎌倉市,8-2,35.3196348,139.5463513,4,御成町18番10号:市役所東側フェンス
鎌倉市,8-3,35.3196344,139.5492347,5,御成町12番18号:神奈川県企業庁鎌倉水道営業所
鎌倉市,8-4,35.3170594,139.5462249,6,御成町20番21号:鎌倉市福祉センター植込み
鎌倉市,8-5,35.3196348,139.5463513,0,御成町18番10号:市役所北側フェンス
鎌倉市,8-6,35.3192061,139.5440702,1,佐助一丁目5番:鎌倉児童ホーム駐車場フェンス
鎌倉市,8-7,35.3196137,139.5449008,2,佐助一丁目6番6号:鎌倉児童ホーム植込み
鎌倉市,8-8,35.3149437,139.5436208,1,笹目町5番36号:松本宅塀
鎌倉市,9-1,35.3151217,139.5500512,2,由比ガ浜二丁目1番15号:京浜急行鎌倉営業所車庫塀
鎌倉市,9-2,35.3123402,139.5491628,4,由比ガ浜二丁目13番:若宮大路公園
鎌倉市,9-3,35.3103743,139.5444326,5,由比ガ浜四丁目4番30号:特養鎌倉静養館塀
鎌倉市,9-4,35.3133939,139.5426101,6,由比ガ浜三丁目9番12号:由比ガ浜はぜ公園塀
鎌倉市,9-5,35.3105461,139.5418423,0,由比ガ浜四丁目9番:鎌倉海浜公園フェンス
鎌倉市,9-6,35.3141735,139.5486961,1,由比ガ浜二丁目9番9号:鎌倉体育館フェンス
鎌倉市,9-7,35.3105461,139.5418423,2,由比ガ浜四丁目9番:鎌倉海浜公園フェンス
鎌倉市,10-1,35.3152853,139.5346819,4,長谷三丁目1番21号:駐車場ブロック塀
鎌倉市,10-2,35.3100174,139.5362801,5,長谷二丁目22番31号:8.8ハウス塀
鎌倉市,10-3,35.3156473,139.5355371,6,長谷四丁目2番27号:長谷四丁目2番27号付近転落防止柵及びガードレール
鎌倉市,10-4,35.3195375,139.5388189,0,長谷五丁目311番地3:大仏大谷戸側石垣前
鎌倉市,10-5,35.3109744,139.5375459,1,長谷二丁目115-5番先:稲瀬川新宿橋付近転落防止柵
鎌倉市,10-6,35.3136903,139.5378642,2,長谷一丁目11番:長谷つくし公園フェンス
鎌倉市,10-7,35.3108079,139.5392579,1,長谷二丁目7番12号:筒井宅塀
鎌倉市,11-1,35.3119414,139.5281587,2,極楽寺二丁目10番:稲村ヶ崎小学校体育館前フェンス
鎌倉市,11-2,35.3097087,139.5326135,4,坂ノ下18付近:極楽寺切通付近法下
鎌倉市,11-3,35.3066073,139.5322382,5,坂ノ下31番5号:きしろホームフェンス
鎌倉市,11-4,35.3097494,139.529578,6,極楽寺三丁目7番:極楽寺駅駐輪所脇歩道フェンス
鎌倉市,11-5,35.3119414,139.5281587,0,極楽寺二丁目10番:稲村ヶ崎小学校正門向側フェンス
鎌倉市,11-6,35.3097494,139.529578,1,極楽寺三丁目7番:江ノ電所有地塀
鎌倉市,11-7,35.3072843,139.5271246,2,極楽寺三丁目11番:江ノ電フェンス
鎌倉市,12-1,35.3072879,139.5219543,4,稲村ガ崎四丁目7番:稲村ガ崎2号緑地
鎌倉市,12-2,35.3042394,139.5186412,5,稲村ガ崎三丁目13番53号:鎌倉静養館塀
鎌倉市,12-3,35.3042928,139.5222141,6,稲村ガ崎二丁目8番1号:江ノ電稲村ヶ崎駅
鎌倉市,12-4,35.3035102,139.5220339,0,稲村ガ崎二丁目6番:稲村ガ崎二丁目共同墓地塀
鎌倉市,12-5,35.3089977,139.5213588,1,稲村ガ崎五丁目16番6号:吉村宅石垣
鎌倉市,12-6,35.3128956,139.523386,2,稲村ガ崎五丁目39番:正福寺公園フェンス
鎌倉市,12-7,35.3062973,139.5216362,1,稲村ガ崎ー丁目15番32号:極楽寺ポンプ場フェンス
鎌倉市,13-1,35.3094689,139.5141601,2,七里ガ浜東二丁目35番:七里ガ浜東二丁目公園石垣   ，
鎌倉市,13-2,35.3068232,139.5116948,4,七里ガ浜東二丁目8番:田辺公園フェンス
鎌倉市,13-3,35.3059172,139.5109636,5,七里ガ浜東二丁目2番7号:七里ガ浜ポンプ場塀                                       ｀
鎌倉市,13-4,35.3084953,139.5069235,6,七里ガ浜二丁目12番:七里ガ浜かめ公園フェンス
鎌倉市,13-5,35.308114,139.508832,0,七里ガ浜二丁目2番:七里ガ浜かもめ公園フェンス
鎌倉市,13-6,35.3090162,139.5087524,1,七里ガ浜二丁目4番:広町緑地
鎌倉市,13-7,35.3084836,139.5035043,2,七里ガ浜二丁目21番:七里ガ浜二丁目公園フェンス
鎌倉市,14-1,35.3114783,139.5193296,4,七里ガ浜東三丁目13番:七里ガ浜東三丁目公園石垣
鎌倉市,14-2,35.3099186,139.516705,5,七里ガ浜東四丁目1番:七里ガ浜東いるか公園石垣
鎌倉市,14-3,35.3112251,139.5135239,6,七里ガ浜東五丁目1番:七里ガ浜東五丁目公園フェンス
鎌倉市,14-4,35.3139676,139.5169436,0,七里ガ浜東四丁目35番:七里ガ浜東つつじ公園植込み
鎌倉市,14-5,35.3134965,139.5170232,1,七里ガ浜東四丁目34番:七里ガ浜東四丁目公園フェンス
鎌倉市,14-6,35.3127593,139.5144782,2,七里ガ浜東五丁目8番:七里ガ浜東あざらし公園石垣
鎌倉市,14-7,35.3083866,139.5187216,1,七里ガ浜東三丁目6番3号:牧野宅擁壁
鎌倉市,15-1,35.3074728,139.4992108,2,腰越一丁目10番:腰越ふぐ公園フェンス
鎌倉市,15-2,35.3073265,139.493516,4,腰越二丁目10番7号:浄泉寺塀
鎌倉市,15-3,35.3087717,139.4903066,5,腰越三丁目5番:腰越ちどり公園フェンス
鎌倉市,15-4,35.3094158,139.4947585,6,腰越二丁目26番:神戸川転落防止柵
鎌倉市,15-5,35.3126797,139.4925822,0,腰越五丁目7番1号:腰越小学校西側フェンス
鎌倉市,15-6,35.3126797,139.4925822,1,腰越五丁目7番1号:腰越小学校フェンス
鎌倉市,15-7,35.3115745,139.4929073,2,腰越五丁目6番5号:中川宅フェンス
鎌倉市,16-1,35.3128131,139.4980182,4,腰越四丁目11番20号:腰越中学校正門脇フェンス
鎌倉市,16-2,35.3126737,139.5089115,5,津460番地2:津2-2号緑地
鎌倉市,16-3,35.3154727,139.4987337,6,津西ー丁目12番:津西まつむし公園フェンス
鎌倉市,16-4,35.3133521,139.5006819,0,腰越864番地:腰越行政センター植込み
鎌倉市,16-5,35.3169305,139.5027092,1,津西一丁目9番:白山橋付近神戸川転落防止柵
鎌倉市,16-6,35.3136915,139.504691,2,津601番地86:丹後ガ谷やまばと公園脇転落防止柵
鎌倉市,16-7,35.3159245,139.49611,1,津西二丁目16番:諏訪ヶ谷青少年広場
鎌倉市,16-8,35.3143814,139.505501,2,腰越1677番地22:御所たぬき公園フェンス
鎌倉市,17-1,35.324916,139.5039814,4,西鎌倉二丁目17番:西鎌倉二丁目公園フェンス
鎌倉市,17-2,35.320577,139.5008804,5,西鎌倉三丁目10番:（有）中央地所管理駐車場
鎌倉市,17-3,35.3210965,139.501278,6,西鎌倉二丁目13番2号:高島宅塀
鎌倉市,17-4,35.3191537,139.4991312,0,西鎌倉三丁目5番:西鎌倉三丁目公園フェンス北
鎌倉市,17-5,35.3204609,139.4973821,1,西鎌倉四丁目17番地:腰越配水地フェンス
鎌倉市,17-6,35.3172975,139.495951,2,西鎌倉四丁目20番:西鎌倉すずめ公園フェンス
鎌倉市,17-7,35.3218445,139.5058103,4,西鎌倉一丁目16番:西鎌倉下水処理場
鎌倉市,18-1,35.3212797,139.5088168,5,腰越1330番地241:猫池住宅入口調整池フェンス
鎌倉市,18-2,35.3194131,139.504383,6,西鎌倉一丁目20番:モノレール西鎌倉駅フェンス
鎌倉市,18-3,35.3175772,139.5062259,0,津1037番地31:がんだがや南公園フェンス
鎌倉市,18-4,35.3181865,139.5117042,1,腰越1525番地9:西鎌倉山南公園フェンス
鎌倉市,18-5,35.3241207,139.5066141,2,津1069番地224:鎌倉山西公園フェンス
鎌倉市,18-6,35.3212797,139.5088168,1,腰越1330番地付近:西鎌倉山うぐいす公園フェンス
鎌倉市,18-7,35.3190865,139.5089733,2,津1039番地30:津1号緑地（新錬倉山バス停付近）
鎌倉市,19-1,35.3201538,139.5146373,4,鎌倉山三丁目614番地1:鎌倉山材料倉庫                          、
鎌倉市,19-2,35.324895,139.5132058,5,鎌倉山四丁目8番:グランダ鎌倉山前歩道フェンス
鎌倉市,19-3,35.3212851,139.5175138,6,笛田二丁目38番20号:あおぞら園フェンス
鎌倉市,19-4,35.3192742,139.5135239,0,鎌倉山三丁目22番:鎌倉山かりん公園フェンス
鎌倉市,19-5,35.3166245,139.5147963,1,鎌倉山三丁目1番:鎌倉山石碑正面歩道フェンス
鎌倉市,19-6,35.3185112,139.5197682,2,鎌倉山一丁目15番13号:鎌倉山集会所フェンス
鎌倉市,19-7,35.3199335,139.521296,4,鎌倉山一丁目6番29号:笛田公園入口横法地
鎌倉市,20-1,35.3277214,139.5095997,5,手広一丁目16番12号:鎌倉消防署深沢出張所フェンス
鎌倉市,20-2,35.3289641,139.51082,6,手広一丁目23番:谷際運動広場フェンス
鎌倉市,20-3,35.3302904,139.5116152,0,手広一丁目5番:手広なのはな公園フェンス
鎌倉市,20-4,35.3277867,139.5044187,1,手広四丁目35番:西ヶ谷わらび公園脇転落防止柵
鎌倉市,20-5,35.3277452,139.5063669,2,手広ー丁目16番12号:鎌倉消防署深沢出張所隣塀
鎌倉市,20-6,35.3303826,139.5131908,1,笛田一丁目2番23号:日通フェンス
鎌倉市,20-7,35.326618,139.5051741,2,手広四丁目38番:西ヶ谷あやめ公園フェンス
鎌倉市,21-1,35.3245337,139.516022,4,笛田二丁目17番1号:教養センター植込み
鎌倉市,21-2,35.3299761,139.5179263,5,笛田三丁目1番33号:神奈川スバルフェンス
鎌倉市,21-3,35.3330605,139.5164131,6,梶原630番地:深沢小学校入口交差点横フェンス
鎌倉市,21-4,35.3308878,139.5205455,0,梶原一丁目11番1号:深沢小学校フェンス
鎌倉市,21-5,35.3310744,139.5187517,1,常盤111番地3:深沢行政センターフェンス
鎌倉市,21-6,35.3257425,139.5215566,2,笛田四丁目14番:上関公園フェンス
鎌倉市,21-7,35.3276196,139.5221134,4,笛田三丁目23番:市営笛田住宅フェンス
鎌倉市,22-1,35.3199647,139.5250564,5,笛田五丁目32番:びわだ南公園柵
鎌倉市,22-2,35.3217604,139.5313728,6,常盤937番地224:（仮称）常盤緑地［仲ノ坂交差点付近掲示板脇植込み］
鎌倉市,22-3,35.3206317,139.5276318,0,笛田五丁目38番30号:鎌倉ポンプ場フェンス
鎌倉市,22-4,35.3214662,139.5252155,1,笛田五丁目10番:びわだ北公園フェンス
鎌倉市,22-5,35.3220469,139.5329952,2,常盤947番地:常盤緑地前転落防止柵
鎌倉市,22-6,35.323171,139.5292723,1,常盤386番地:東京電カパワーグリッド鎌倉変竃所フェンス
鎌倉市,22-7,35.3207971,139.5341198,2,常盤922番地2:（仮称）常盤緑地［常盤922番地15付近掲示板脇植込み］
鎌倉市,23-1,35.3283285,139.5281587,4,梶原二丁目26番:梶原やまぽうし公園植込み
鎌倉市,23-2,35.3275482,139.5285504,5,梶原四丁目2番8号:市営梶原東団地フェンス
鎌倉市,23-3,35.3266888,139.5337272,6,梶原四丁目7番:梶原9号緑地（梶原バス停付近）
鎌倉市,23-4,35.3249775,139.5365079,0,梶原五丁目2番:ききょうやま公園植込み
鎌倉市,23-5,35.3282857,139.5253746,1,梶原二丁目24番:みずの動物病院脇転落防止柵
鎌倉市,23-6,35.3308985,139.5350796,2,梶原三丁目23番:日当公園植込み
鎌倉市,23-7,35.3313625,139.5278405,4,梶原二丁目6番:（仮称）梶原4号緑地前［梶原二丁目6番付近］
鎌倉市,24-1,35.3362901,139.5158368,5,寺分字陣出8番地8の一部:深沢多目的スポーツ広場フェンス
鎌倉市,24-2,35.3398252,139.5160248,6,上町屋550番地5:長島ふな公園フェンス
鎌倉市,24-3,35.331654,139.5241019,0,寺分三丁目15番:寺分こまどり公園フェンス
鎌倉市,24-4,35.3371069,139.5203532,1,上町屋810番地1:富士塚小学校フェンス
鎌倉市,24-5,35.3331184,139.5272041,2,寺分三丁目24番:大平山公園フェンス
鎌倉市,24-6,35.3431347,139.5195615,1,上町屋325番地:三菱電機鎌倉製作所フェンス
鎌倉市,24-7,35.3362631,139.5260905,2,寺分二丁目904番地7:富士塚公園際法地
鎌倉市,25-1,35.3411017,139.525258,4,山崎781番地:高井宅塀
鎌倉市,25-2,35.3399658,139.5310346,5,山崎2289番地44:山崎ひめしゃら公園フェンス
鎌倉市,25-3,35.3421621,139.5280218,6,山崎1390番地56:山崎打越公園柵
鎌倉市,25-4,35.3386537,139.5336192,0,山崎2500番地:山崎小学校フェンス
鎌倉市,25-5,35.3430634,139.5277212,1,山崎1090番地:東京スリーブ前
鎌倉市,25-6,35.3385341,139.522725,2,山崎919番地:湘南町屋駅前歩道フェンス
鎌倉市,25-7,35.3421621,139.5280218,4,山崎1390番地:レーベンスガルテン集会所前植込み
鎌倉市,26-1,35.3301852,139.5431725,5,山ノ内字東瓜ヶ谷1236番地外:山ノ内東瓜ヶ谷緑地
鎌倉市,26-2,35.3363442,139.5466718,6,山ノ内392番地:線路転落防止柵
鎌倉市,26-3,35.332819,139.5497254,0,山ノ内1492番地3:建長寺檀信徒駐車場フェンス
鎌倉市,26-4,35.3346258,139.5478173,1,山ノ内333番地:北鎌倉踏切横空地フェンス
鎌倉市,26-5,35.3342493,139.5486197,2,山ノ内180番地10:山ノ内ポケットパーク
鎌倉市,26-6,35.3370466,139.5434981,1,山ノ内1329番地:東瓜ガ谷子どもの遊び場フェンス
鎌倉市,26-7,35.3384845,139.5425134,2,山ノ内762番地:石井宅駐車場フェンス
鎌倉市,27-1,35.3425789,139.5335681,4,台五丁目4番:台くすのき公園柵
鎌倉市,27-2,35.339764,139.5354248,5,台1591番地:根本宅塀
鎌倉市,27-3,35.3412072,139.5351592,6,台五丁目9番:台五丁目公園入口脇柵
鎌倉市,27-4,35.3427866,139.5337272,0,台五丁目550番62:台すすき公園
鎌倉市,27-5,35.3412274,139.5359274,1,台五丁目9番59号:文化財課分室フェンス南側
鎌倉市,27-6,35.3410721,139.5397339,2,台1882番地5:台やまもみじ公園柵
鎌倉市,27-7,35.3412274,139.5359274,4,台五丁目9番59号:文化財課分室フェンス北側
鎌倉市,27-8,35.3397891,139.5348393,5,台1656番地:さくら青少年広場前フェンス
鎌倉市,28-1,35.3472857,139.5368673,6,大船四丁目1番25号:大船中学校フェンス
鎌倉市,28-2,35.3437004,139.5370686,0,小袋谷二丁目13番:成福寺前JRフェンス
鎌倉市,28-3,35.34663,139.5383217,1,大船四丁目4番:栄町公園植込み
鎌倉市,28-4,35.3481259,139.5391372,2,大船五丁目2番:大船ライラック公園フェンス
鎌倉市,28-5,35.3455445,139.5368299,1,大船四丁目16番:大船中学校プール裏転落防止柵
鎌倉市,28-6,35.3439777,139.5350796,2,小袋谷二丁目10番:小袋谷二丁目10番JRフェンス
鎌倉市,28-7,35.3482812,139.5425584,4,大船五丁目15番:大船ほたる公園石垣
鎌倉市,28-8,35.3457113,139.5388289,5,大船四丁目9番6号:大船4丁目9番転落防止柵
鎌倉市,29-1,35.3435731,139.5414843,6,大船2135番地4:小坂小学校校門横フェンス
鎌倉市,29-2,35.3433105,139.5464573,0,高野2番地2:大船高校入口転落防止柵
鎌倉市,29-3,35.3424382,139.5423157,1,台1980番地3:高野台自治会館脇転落防止柵
鎌倉市,29-4,35.3433105,139.5464573,2,高野10番地:天ケ谷戸遊水池フェンス
鎌倉市,29-5,35.3512705,139.5436922,4,大船1780番地9:やとのまえぞう公園石垣
鎌倉市,29-6,35.3508756,139.5449722,5,大船1806番地128:やとのまえ公園北側
鎌倉市,29-7,35.3493409,139.546142,6,大船1820番地82:やとのまえ公園南側
鎌倉市,30-1,35.3453365,139.5527438,0,今泉二丁目14番:今泉りす公園フェンス
鎌倉市,30-2,35.3444073,139.5517292,1,今泉二丁目13番1号:今泉小学校正門脇フェンス
鎌倉市,30-3,35.3429629,139.5505952,2,今泉二丁目30番:今泉公園石垣
鎌倉市,30-4,35.3454441,139.5571209,1,今泉三丁目9番:白山神社前交差点横法面
鎌倉市,30-5,35.3439923,139.5619263,2,今泉三丁目21番23号:今泉さわやかセンターフェンス
鎌倉市,30-6,35.3428289,139.5525846,4,今泉台一丁目2番:柳谷戸つばめ公園脇
鎌倉市,30-7,35.3467062,139.5519425,5,今泉二丁目4番25号:大船消防署今泉出張所塀
鎌倉市,31-1,35.3402944,139.5587922,6,今泉台三丁目18番:吉ガ沢かえで公園フェンス
鎌倉市,31-2,35.3417066,139.5571209,0,今泉台二丁目6番:地蔵前バス停前転落防止柵
鎌倉市,31-3,35.3386805,139.5579963,1,今泉台四丁目6番:吉ガ沢公園西側フェンス
鎌倉市,31-4,35.3391884,139.5644433,2,今泉台六丁目1番:滝ノ入北公園石垣
鎌倉市,31-5,35.336544,139.5634085,4,今泉台五丁目12番:半僧坊下バス停脇
鎌倉市,31-6,35.3376163,139.5664332,5,今泉台六丁目19番:遊歩道石垣
鎌倉市,31-7,35.3397923,139.565677,6,今泉台七丁目17番:滝ノ入うさぎ公園石垣
鎌倉市,32-1,35.35174,139.5474944,0,岩瀬663番地:岩瀬あゆ公園前転落防止柵
鎌倉市,32-2,35.3538509,139.5444613,1,岩瀬574番地:砂押橋バス停前転落防止柵
鎌倉市,32-3,35.35334,139.5470939,2,岩瀬856番地2:レーベンハイム前転落防止柵
鎌倉市,32-4,35.348853,139.5504536,1,岩瀬820番地:秋元宅塀
鎌倉市,32-5,35.3525136,139.5490322,2,岩瀬1526番地:岩瀬保育園フェンス
鎌倉市,32-6,35.35334,139.5470939,4,岩瀬630番地1:岩瀬下関防災公園フェンス
鎌倉市,32-7,35.3545383,139.5456667,5,岩瀬549番地:シルバー人材センター駐車場フェンス
鎌倉市,33-1,35.3541165,139.5415241,6,岩瀬一丁目12番:岩瀬住宅前交差点転落防止柵
鎌倉市,33-2,35.3541757,139.5426977,0,岩瀬一丁目16番18号:丸岡宅塀
鎌倉市,33-3,35.3558203,139.5430372,1,岩瀬一丁目23番19号:ウエリスオリーブ鎌倉岩瀬フェンス
鎌倉市,33-4,35.35334,139.5470939,2,岩瀬ー丁目6番:いわせ第二児童遊園フェンス
鎌倉市,33-5,35.35334,139.5470939,4,岩瀬ー丁目8番:岩瀬げんごろう公園フェンス
鎌倉市,33-6,35.355038,139.5373868,5,岩瀬一丁目1番:岩瀬めだか公園柵
鎌倉市,33-7,35.352884,139.5388189,6,大船六丁目1番:大船りんご公園塀
鎌倉市,33-8,35.3566281,139.5390193,0,岩瀬一丁目3番1号:岩瀬一丁目公園北側植え込み
鎌倉市,34-1,35.3499224,139.5334663,1,大船二丁目1番26号:大船行政センター植込み
鎌倉市,34-2,35.3492585,139.5381875,2,大船五丁目1番1号:三菱電機情報技術総合研究所塀
鎌倉市,34-3,35.3520009,139.5350503,1,大船二丁目7番8号:教育支援教室「ひだまり」フェンス
鎌倉市,34-4,35.3515854,139.5343731,2,大船二丁目8番1号:大船小学校東側フェンス
鎌倉市,34-5,35.3489775,139.5330681,4,大船三丁目5番10号:大船消防署フェンス
鎌倉市,34-6,35.354088,139.535577,5,大船二丁目19番:砂押川転落防止柵
鎌倉市,34-7,35.3515854,139.5343731,6,大船二丁目8番1号:大船小学校南側フェンス
鎌倉市,35-1,35.3477179,139.5284428,0,台二丁目16番28号:第一パック大船工場フェンス
鎌倉市,35-2,35.346808,139.5262308,1,台二丁目13番1号:デンカフェンス
鎌倉市,35-3,35.3452214,139.523437,2,山崎452番地2:山崎浄化センターフェンス
鎌倉市,35-4,35.3476351,139.5286359,4,台二丁目245-13地内:鎌倉武道館東側交差点付近引込線フェンス
鎌倉市,35-5,35.343348,139.5270454,5,山崎1140番地:華屋与兵衛前転落防止柵
鎌倉市,35-6,35.3467364,139.5315793,6,台三丁目1番:台いちご公園フェンス
鎌倉市,35-7,35.344091,139.5224846,0,山崎291番地:三菱電機鎌倉製作所フェンス
鎌倉市,36-1,35.3479593,139.5188027,1,岡本1100番地:玉縄中学校北側フェンス
鎌倉市,36-2,35.3509231,139.5102714,2,植木484番地5:相模障ふき公園フェンス
鎌倉市,36-3,35.3551743,139.5163919,1,植木19番地:植木谷戸公園フェンス
鎌倉市,36-4,35.3487787,139.5209154,2,岡本1018番地:フラワーセンターフェンス
鎌倉市,36-5,35.3487787,139.5209154,4,岡本1018番地:フラワーセンター第二駐車場フェンス
鎌倉市,36-6,35.3479593,139.5188027,5,岡本1100番地:玉縄中学校正門横フェンス
鎌倉市,36-7,35.3525372,139.516546,6,植木135番地1:玉縄幼稚園・籠賓寺駐車場フェンス
鎌倉市,37-1,35.3484555,139.5144477,0,植木598番地5:相模陣あひる公園脇転落防止柵
鎌倉市,37-2,35.344584,139.518405,1,岡本1324番地:市営岡本住宅フェンス
鎌倉市,37-3,35.3443599,139.516541,2,岡本1500番地:岡本外耕地公園
鎌倉市,37-4,35.3457781,139.5105447,4,植木837番地1前:アーバンハイツ鎌倉植木前転落防止柵
鎌倉市,37-5,35.3469168,139.5144571,5,植木676番地1:グリーンズ湘南・鎌倉塀
鎌倉市,37-6,35.3443599,139.516541,6,岡本1500番地29:岡本むくげ公園柵
鎌倉市,37-7,35.3443599,139.516541,0,岡本1500番地30:岡本けやき公園柵
鎌倉市,38-1,35.3511614,139.5229828,1,玉縄一丁目860番地:玉縄小学校フェンス
鎌倉市,38-2,35.3518595,139.5296701,2,台一丁目2番:ペデストリアンデッキ
鎌倉市,38-3,35.3512007,139.5293135,1,台一丁目2番25号:台調整池管理棟植込み
鎌倉市,38-4,35.3568864,139.5216362,2,玉縄ー丁目4番地:たまなわ児童遊園フェンス
鎌倉市,38-5,35.3568864,139.5216362,4,玉縄ー丁目860番地:玉縄小学校体育館横フェンス
鎌倉市,38-6,35.3498347,139.5220771,5,玉縄一丁目14番地6:やまかストアー玉縄店フェンス
鎌倉市,38-7,35.3494947,139.5233231,6,岡本二丁目16番3号:玉縄行政センター前
鎌倉市,39-1,35.3556821,139.5286359,0,岡本一丁目120番地65:戸部みつばち公園フェンス
鎌倉市,39-2,35.3579148,139.5205395,1,玉縄二丁目13番地1:城山児童遊園フェンス
鎌倉市,39-3,35.3570805,139.5235451,2,玉縄二丁目7番地:やと池児童遊園フェンス
鎌倉市,39-4,35.3568864,139.5216362,4,玉縄ー丁目2番地1:玉縄青少年会館フェンス
鎌倉市,39-5,35.3596164,139.5207405,5,玉縄五丁目21番地1:玉縄1-2号緑地フェンス
鎌倉市,39-6,35.3596628,139.5206817,6,玉縄五丁目26番地:山百合児童遊園フェンス
鎌倉市,39-7,35.3589531,139.5200278,0,玉縄五丁目9番地1:玉縄すこやかセンター柵
鎌倉市,40-1,35.3528857,139.5112616,1,城廻396番地:石原宅塀
鎌倉市,40-2,35.3557209,139.5101838,2,城遥516番地3:関谷中継室フェンス
鎌倉市,40-3,35.3562812,139.513485,4,城廻100番地77:打越東公園フェンス
鎌倉市,40-4,35.3610373,139.5134841,5,関谷468番地1:関谷小学校正門脇フェンス
鎌倉市,40-5,35.359777,139.5181565,6,関谷351番地27:下坪かえる公園脇
鎌倉市,40-6,35.3558584,139.5057756,0,城廻481番地3:中村公園フェンス
鎌倉市,40-7,35.3622323,139.5120194,1,関谷633番地22:石原谷戸とび公園脇